File,Func,Recv,Sym,VA,Len
audio_windows_runtime.go,(*audioClient).buildSessionSnapshot,audioClient,main.audioClient.buildSessionSnapshot,0x140756220,1152
audio_windows_runtime.go,(*audioClient).resolveSessionDeviceRouting,audioClient,main.audioClient.resolveSessionDeviceRouting,0x140756860,192
audio_windows_runtime.go,(*audioClient).setPersistedSessionDevice,audioClient,main.audioClient.setPersistedSessionDevice,0x140756920,1216
audio_windows_runtime.go,(*audioClient).getPersistedSessionDevice,audioClient,main.audioClient.getPersistedSessionDevice,0x140756f20,608
audio_windows_runtime.go,(*audioClient).resolveSessionAppName,audioClient,main.audioClient.resolveSessionAppName,0x140757a00,320
audio_windows_runtime.go,(*audioSessionAccumulator).add,audioSessionAccumulator,main.audioSessionAccumulator.add,0x140757e20,960
audio_windows_runtime.go,audioBuildSessionGroupID,,main.audioBuildSessionGroupID,0x1407588c0,416
audio_windows_runtime.go,(*audioIPropertyStore).GetValue,audioIPropertyStore,main.audioIPropertyStore.GetValue,0x140759a20,384
audio_windows_runtime.go,(*audioIAudioPolicyConfigFactory).SetPersistedDefaultAudioEndpoint,audioIAudioPolicyConfigFactory,main.audioIAudioPolicyConfigFactory.SetPersistedDefaultAudioEndpoint,0x14075ab20,288
filelocator_runtime.go,(*fileLocatorService).runSearch,fileLocatorService,main.fileLocatorService.runSearch,0x1407d0260,1376
filelocator_runtime.go,(*fileLocatorService).waitIfPaused,fileLocatorService,main.fileLocatorService.waitIfPaused,0x1407d09a0,800
filelocator_runtime.go,(*fileLocatorService).walkRoot,fileLocatorService,main.fileLocatorService.walkRoot,0x1407d0d20,928
filelocator_runtime.go,(*fileLocatorService).processFile,fileLocatorService,main.fileLocatorService.processFile,0x1407d15a0,3552
filelocator_runtime.go,(*fileLocatorService).acquireFileLocatorContentScan,fileLocatorService,main.fileLocatorService.acquireFileLocatorContentScan,0x1407d23e0,416
filelocator_runtime.go,(*fileLocatorService).publishProgress,fileLocatorService,main.fileLocatorService.publishProgress,0x1407d2620,896
filelocator_runtime.go,(*fileLocatorService).finishSearch,fileLocatorService,main.fileLocatorService.finishSearch,0x1407d2a00,1088
filelocator_runtime.go,prepareFileLocatorSearch,,main.prepareFileLocatorSearch,0x1407d2ea0,992
filelocator_runtime.go,buildFileLocatorPathFilter,,main.buildFileLocatorPathFilter,0x1407d3400,1088
filelocator_runtime.go,parseFileLocatorFilterRule,,main.parseFileLocatorFilterRule,0x1407d3840,512
filelocator_runtime.go,newFileLocatorPathMatcher,,main.newFileLocatorPathMatcher,0x1407d3c00,192
filelocator_runtime.go,newFileLocatorGlobPathMatcher,,main.newFileLocatorGlobPathMatcher,0x1407d3cc0,224
filelocator_runtime.go,(*fileLocatorStringMatcher).MatchContent,fileLocatorStringMatcher,main.fileLocatorStringMatcher.MatchContent,0x1407d4ee0,1280
filelocator_runtime.go,matchFileLocatorContentStreamContext,,main.matchFileLocatorContentStreamContext,0x1407d5d80,7008
filelocator_runtime.go,fileLocatorStreamingLineMatch,,main.fileLocatorStreamingLineMatch,0x1407d78e0,352
filelocator_runtime.go,newFileLocatorTextDocument,,main.newFileLocatorTextDocument,0x1407d7be0,480
filelocator_runtime.go,matchFileLocatorLineBased,,main.matchFileLocatorLineBased,0x1407d7dc0,1056
filelocator_runtime.go,matchFileLocatorBooleanPerLine,,main.matchFileLocatorBooleanPerLine,0x1407d81e0,1248
filelocator_runtime.go,matchFileLocatorBooleanAcrossFile,,main.matchFileLocatorBooleanAcrossFile,0x1407d86c0,1568
filelocator_runtime.go,buildFileLocatorLineMatch,,main.buildFileLocatorLineMatch,0x1407d8ce0,1824
filelocator_runtime.go,readFileLocatorTextFromHandle,,main.readFileLocatorTextFromHandle,0x1407da360,480
filelocator_runtime.go,parseFileLocatorBooleanExpression,,main.parseFileLocatorBooleanExpression,0x1407dac60,544
filelocator_runtime.go,fileLocatorProximityRanges,,main.fileLocatorProximityRanges,0x1407dc640,992
filelocator_runtime.go,collectFileLocatorPositiveMatchers,,main.collectFileLocatorPositiveMatchers,0x1407dcf60,608
filelocator_runtime.go,newFileLocatorTermMatcher,,main.newFileLocatorTermMatcher,0x1407dd1c0,544
filesearch_windows.go,logFileSearchPerf,,main.logFileSearchPerf,0x14081f600,288
filesearch_windows.go,(*fileSearchSortComparer).compareCandidate,fileSearchSortComparer,main.fileSearchSortComparer.compareCandidate,0x1408202c0,864
launcherconfig_runtime.go,loadOrCreateLauncherConfig,,main.loadOrCreateLauncherConfig,0x140875b40,704
launcherconfig_runtime.go,loadLauncherConfigOrDefaultIfMissing,,main.loadLauncherConfigOrDefaultIfMissing,0x140875e00,736
launcherconfig_runtime.go,readLauncherConfigFile,,main.readLauncherConfigFile,0x1408788c0,1856
launcherconfig_runtime.go,populateAppIcons,,main.populateAppIcons,0x140879ca0,352
launcherconfig_runtime.go,normalizeFileLocatorConfig,,main.normalizeFileLocatorConfig,0x14087a7a0,1760
launcherconfig_runtime.go,normalizeTagCatalogWithDefault,,main.normalizeTagCatalogWithDefault,0x14087c340,1504
launcherconfig_runtime.go,normalizeBackgroundPreference,,main.normalizeBackgroundPreference,0x14087eae0,864
launcherconfig_runtime.go,normalizeConsoleItem,,main.normalizeConsoleItem,0x14087f560,3648
launcherconfig_runtime.go,buildConsoleItemID,,main.buildConsoleItemID,0x1408805e0,704
launcherconfig_runtime.go,normalizeStartMenuLaunchLog,,main.normalizeStartMenuLaunchLog,0x140881400,768
launcherconfig_runtime.go,startMenuLaunchLogKeys,,main.startMenuLaunchLogKeys,0x140881700,576
launcherconfig_runtime.go,mergeStartMenuLaunchLog,,main.mergeStartMenuLaunchLog,0x140881940,736
launcherconfig_runtime.go,normalizeBookmarkFavoritePath,,main.normalizeBookmarkFavoritePath,0x140882ee0,160
launcherconfig_runtime.go,normalizeDefaultLinkBrowserID,,main.normalizeDefaultLinkBrowserID,0x140883920,384
launcherconfig_runtime.go,findConfiguredLinkBrowserByID,,main.findConfiguredLinkBrowserByID,0x140883aa0,608
launcherconfig_runtime.go,normalizeSearchScopeCycleDefault,,main.normalizeSearchScopeCycleDefault,0x1408886a0,288
launcherupdate_runtime.go,(*BootstrapService).InstallLauncherUpdate,BootstrapService,main.BootstrapService.InstallLauncherUpdate,0x1408b3560,448
launcherupdate_runtime.go,(*BootstrapService).runLauncherUpdateTask,BootstrapService,main.BootstrapService.runLauncherUpdateTask,0x1408b3780,2464
launcherupdate_runtime.go,(*BootstrapService).CancelLauncherUpdate,BootstrapService,main.BootstrapService.CancelLauncherUpdate,0x1408b4120,384
launcherupdate_runtime.go,(*BootstrapService).fetchLauncherRemoteConfigWithContext,BootstrapService,main.BootstrapService.fetchLauncherRemoteConfigWithContext,0x1408b4440,416
launcherupdate_runtime.go,(*BootstrapService).fetchLauncherRemoteConfigWithWorkspace,BootstrapService,main.BootstrapService.fetchLauncherRemoteConfigWithWorkspace,0x1408b45e0,1504
launcherupdate_runtime.go,(*BootstrapService).attachLauncherAdvertisementImageAsset,BootstrapService,main.BootstrapService.attachLauncherAdvertisementImageAsset,0x1408b4d40,1408
launcherupdate_runtime.go,parseLauncherRemoteConfigText,,main.parseLauncherRemoteConfigText,0x1408b5320,2976
launcherupdate_runtime.go,normalizeLauncherUpdatePackageConfig,,main.normalizeLauncherUpdatePackageConfig,0x1408b65a0,544
launcherupdate_runtime.go,normalizeLauncherAdvertisementConfig,,main.normalizeLauncherAdvertisementConfig,0x1408b67c0,416
launcherupdate_runtime.go,(*BootstrapService).setLauncherUpdateProgressForTask,BootstrapService,main.BootstrapService.setLauncherUpdateProgressForTask,0x1408b6d00,256
launcherupdate_runtime.go,(*BootstrapService).setLauncherUpdateProgressState,BootstrapService,main.BootstrapService.setLauncherUpdateProgressState,0x1408b6e00,704
launcherupdate_runtime.go,(*BootstrapService).failLauncherUpdateProgressForTask,BootstrapService,main.BootstrapService.failLauncherUpdateProgressForTask,0x1408b7200,160
launcherupdate_runtime.go,(*BootstrapService).beginLauncherUpdateTask,BootstrapService,main.BootstrapService.beginLauncherUpdateTask,0x1408b7420,1536
launcherupdate_runtime.go,(*BootstrapService).finishLauncherUpdateTask,BootstrapService,main.BootstrapService.finishLauncherUpdateTask,0x1408b7b20,320
launcherupdate_runtime.go,(*BootstrapService).prepareLauncherUpdatePackageWithWorkspace,BootstrapService,main.BootstrapService.prepareLauncherUpdatePackageWithWorkspace,0x1408b8160,3456
launcherupdate_runtime.go,(*BootstrapService).downloadLauncherUpdatePackageWithWorkspace,BootstrapService,main.BootstrapService.downloadLauncherUpdatePackageWithWorkspace,0x1408b8f20,992
launcherupdate_runtime.go,probeLauncherUpdatePackageRange,,main.probeLauncherUpdatePackageRange,0x1408b9300,1536
launcherupdate_runtime.go,(*BootstrapService).downloadLauncherUpdatePackageSequentially,BootstrapService,main.BootstrapService.downloadLauncherUpdatePackageSequentially,0x1408b9a60,3712
launcherupdate_runtime.go,(*BootstrapService).downloadLauncherUpdatePackageConcurrently,BootstrapService,main.BootstrapService.downloadLauncherUpdatePackageConcurrently,0x1408ba9a0,2592
launcherupdate_runtime.go,downloadLauncherUpdatePackageRange,,main.downloadLauncherUpdatePackageRange,0x1408bb800,2336
launcherupdate_runtime.go,hashLauncherUpdatePackageFile,,main.hashLauncherUpdatePackageFile,0x1408bc180,1216
launcherupdate_runtime.go,locateLauncherUpdateContentRoot,,main.locateLauncherUpdateContentRoot,0x1408bc6a0,1088
launcherupdate_runtime.go,validateLauncherUpdateContentRoot,,main.validateLauncherUpdateContentRoot,0x1408bcb80,448
mousegestures.go,normalizeGestureSettings,,main.normalizeGestureSettings,0x1408d6620,1056
mousegestures_actions_windows.go,mouseGestureWindowMovePosition,,main.mouseGestureWindowMovePosition,0x1408e7c40,96
nativedrag_windows.go,createTemporaryDirectoryShortcut,,main.createTemporaryDirectoryShortcut,0x1408fb1a0,928
nativedrag_windows.go,sanitizeDirectoryShortcutName,,main.sanitizeDirectoryShortcutName,0x1408fb580,384
oledblackout.go,newOLEDLifecycleContext,,main.newOLEDLifecycleContext,0,512
oledblackout_hotkey_windows.go,applyOLEDBlackoutHotkeyBindings,,main.applyOLEDBlackoutHotkeyBindings,0x14090fbc0,1408
oledblackout_hotkey_windows.go,buildOLEDBlackoutHotkeyRegistrations,,main.buildOLEDBlackoutHotkeyRegistrations,0x140910140,2112
oledblackout_hotkey_windows.go,failedOLEDBlackoutHotkeyUpdateResult,,main.failedOLEDBlackoutHotkeyUpdateResult,0x140910980,352
oledblackout_overlay_windows.go,ensureOLEDBlackoutNativeOverlayWindowClass,,main.ensureOLEDBlackoutNativeOverlayWindowClass,0x140911440,96
oledblackout_windows.go,oledBlackoutApplyWindowChrome,,main.oledBlackoutApplyWindowChrome,0x140914580,160
oledblackout_windows.go,oledBlackoutFocusWindow,,main.oledBlackoutFocusWindow,0x140914860,96
oledblackout_windows.go,oledBlackoutFocusWindowNow,,main.oledBlackoutFocusWindowNow,0x1409148c0,480
oledblackout_windows.go,oledBlackoutIdlePauseActiveContext,,main.oledBlackoutIdlePauseActiveContext,0x140914d20,544
oledblackout_windows.go,oledBlackoutObserveBrowserMediaContinuityContext,,main.oledBlackoutObserveBrowserMediaContinuityContext,0x140914f40,928
oledblackout_windows.go,oledBlackoutStandaloneBrowserCandidateAtCursor,,main.oledBlackoutStandaloneBrowserCandidateAtCursor,0x1409152e0,1216
oledblackout_windows.go,oledBlackoutWalkActiveRenderSessionsContext,,main.oledBlackoutWalkActiveRenderSessionsContext,0x140915ce0,256
oledblackout_windows.go,oledBlackoutWalkRenderEndpointSessionsContext,,main.oledBlackoutWalkRenderEndpointSessionsContext,0x140916840,2208
oledblackout_windows.go,oledBlackoutRememberInteractedStandaloneBrowserCandidate,,main.oledBlackoutRememberInteractedStandaloneBrowserCandidate,0x1409178e0,992
oledblackout_windows.go,oledBlackoutForegroundPlaybackActiveContext,,main.oledBlackoutForegroundPlaybackActiveContext,0x140917ec0,768
oledblackout_windows.go,oledBlackoutTargetMonitorsHavePlayingMediaWindowContext,,main.oledBlackoutTargetMonitorsHavePlayingMediaWindowContext,0x1409181c0,864
oledblackout_windows.go,oledBlackoutCollectTargetScreenWindowCandidates,,main.oledBlackoutCollectTargetScreenWindowCandidates,0x140918520,224
oledblackout_windows.go,oledBlackoutCollectVisibleMediaWindowCandidates,,main.oledBlackoutCollectVisibleMediaWindowCandidates,0x140918600,224
oledblackout_windows.go,oledBlackoutCollectScreenWindowCandidates,,main.oledBlackoutCollectScreenWindowCandidates,0x1409186e0,416
oledblackout_windows.go,oledBlackoutCountVisiblePlayingCoarseAppWindows,,main.oledBlackoutCountVisiblePlayingCoarseAppWindows,0x1409195e0,1568
oledblackout_windows.go,oledBlackoutPlayingMediaCandidatesContext,,main.oledBlackoutPlayingMediaCandidatesContext,0x14091a0a0,288
oledblackout_windows.go,oledBlackoutBrowserAudioMatchesVisiblePlayingWindows,,main.oledBlackoutBrowserAudioMatchesVisiblePlayingWindows,0x14091a8c0,1088
oledblackout_windows.go,oledBlackoutBrowserMediaContinuityMatchesCandidates,,main.oledBlackoutBrowserMediaContinuityMatchesCandidates,0x14091ad00,1376
oledblackout_windows.go,oledBlackoutEnumTopLevelWindows,,main.oledBlackoutEnumTopLevelWindows,0x14091b260,672
oledblackout_windows.go,oledBlackoutVisibleWindowRectForScreenPause,,main.oledBlackoutVisibleWindowRectForScreenPause,0x14091b560,544
oledblackout_windows.go,oledBlackoutWindowTargetVisibleRects,,main.oledBlackoutWindowTargetVisibleRects,0x14091b8c0,640
oledblackout_windows.go,oledBlackoutRectHasVisibleAreaAfterOcclusion,,main.oledBlackoutRectHasVisibleAreaAfterOcclusion,0x14091bb40,640
oledblackout_windows.go,oledBlackoutMediaPauseProcessExcluded,,main.oledBlackoutMediaPauseProcessExcluded,0x14091c720,640
oledblackout_windows.go,oledBlackoutAudioSessionMatchesForeground,,main.oledBlackoutAudioSessionMatchesForeground,0x14091c9a0,288
oledblackout_windows.go,oledBlackoutAudioSessionMatchesCandidate,,main.oledBlackoutAudioSessionMatchesCandidate,0x14091cac0,800
oledblackout_windows.go,oledBlackoutActiveAudioSessionCountsByPathContext,,main.oledBlackoutActiveAudioSessionCountsByPathContext,0x14091d100,128
oledblackout_windows.go,oledBlackoutForegroundMediaSessionPauseDecisionContext,,main.oledBlackoutForegroundMediaSessionPauseDecisionContext,0x14091d200,416
oledblackout_windows.go,oledBlackoutForegroundAudioActiveContext,,main.oledBlackoutForegroundAudioActiveContext,0x14091da20,224
oledblackout_windows.go,oledBlackoutAnyCandidateHasActiveAudioContext,,main.oledBlackoutAnyCandidateHasActiveAudioContext,0x14091dd20,608
oledblackout_windows.go,oledBlackoutMediaSessionPauseDecisionForCandidatesContext,,main.oledBlackoutMediaSessionPauseDecisionForCandidatesContext,0x14091e160,2464
oledblackout_windows.go,oledBlackoutMediaSessionSourceMatchesCandidateContext,,main.oledBlackoutMediaSessionSourceMatchesCandidateContext,0x14091eb60,992
oledblackout_windows.go,oledBlackoutWithWinRTContext,,main.oledBlackoutWithWinRTContext,0x14091f220,736
oledblackout_windows.go,oledBlackoutRequestMediaSessionManagerContext,,main.oledBlackoutRequestMediaSessionManagerContext,0x14091f560,928
oledblackout_windows.go,oledBlackoutRoGetActivationFactory,,main.oledBlackoutRoGetActivationFactory,0x14091f9c0,576
oledblackout_windows.go,oledBlackoutNewHString,,main.oledBlackoutNewHString,0x14091fc80,352
oledblackout_windows.go,oledBlackoutHStringToString,,main.oledBlackoutHStringToString,0x14091fe40,256
oledblackout_windows.go,oledBlackoutQueryInterface,,main.oledBlackoutQueryInterface,0x14091ff40,352
qrcode_windows.go,(*qrCodeScreenSelectionSession).handleHDRPreviewUpgrade,qrCodeScreenSelectionSession,main.qrCodeScreenSelectionSession.handleHDRPreviewUpgrade,0x1409397c0,576
qrcode_windows.go,(*qrCodeScreenSelectionSession).updateSelectionResizeHover,qrCodeScreenSelectionSession,main.qrCodeScreenSelectionSession.updateSelectionResizeHover,0x14093ba20,384
qrcode_windows.go,(*qrCodeScreenSelectionSession).beginCornerRadiusDrag,qrCodeScreenSelectionSession,main.qrCodeScreenSelectionSession.beginCornerRadiusDrag,0x14093bba0,288
qrcode_windows.go,(*qrCodeScreenSelectionSession).updateCornerRadiusDrag,qrCodeScreenSelectionSession,main.qrCodeScreenSelectionSession.updateCornerRadiusDrag,0x14093bcc0,704
qrcode_windows.go,(*qrCodeScreenSelectionSession).resolveControlHoverForWindow,qrCodeScreenSelectionSession,main.qrCodeScreenSelectionSession.resolveControlHoverForWindow,0x14093dca0,640
qrcode_windows.go,(*qrCodeScreenSelectionSession).resolveWindowHoverForWindow,qrCodeScreenSelectionSession,main.qrCodeScreenSelectionSession.resolveWindowHoverForWindow,0x14093df20,224
qrcode_windows.go,(*qrCodeScreenSelectionSession).resolveControlSelectionAtPoint,qrCodeScreenSelectionSession,main.qrCodeScreenSelectionSession.resolveControlSelectionAtPoint,0x14093e320,160
qrcode_windows.go,(*qrCodeScreenSelectionSession).resolveControlSelectionForWindowAtPoint,qrCodeScreenSelectionSession,main.qrCodeScreenSelectionSession.resolveControlSelectionForWindowAtPoint,0x14093e3c0,800
qrcode_windows.go,(*qrCodeScreenSelectionSession).resolveControlClickSelectionAtPoint,qrCodeScreenSelectionSession,main.qrCodeScreenSelectionSession.resolveControlClickSelectionAtPoint,0x14093e6e0,384
qrcode_windows.go,(*qrCodeScreenSelectionSession).prepareSelectionResult,qrCodeScreenSelectionSession,main.qrCodeScreenSelectionSession.prepareSelectionResult,0x14093f700,384
qrcode_windows.go,(*qrCodeScreenSelectionSession).resolveClickLikeControlSelection,qrCodeScreenSelectionSession,main.qrCodeScreenSelectionSession.resolveClickLikeControlSelection,0x14093f880,448
qrcode_windows.go,(*qrCodeScreenSelectionSession).confirmAnnotationEditing,qrCodeScreenSelectionSession,main.qrCodeScreenSelectionSession.confirmAnnotationEditing,0x1409403e0,896
qrcode_windows.go,(*qrCodeScreenSelectionSession).annotationToolbarState,qrCodeScreenSelectionSession,main.qrCodeScreenSelectionSession.annotationToolbarState,0x140940e40,416
qrcode_windows.go,(*qrCodeScreenSelectionSession).applyAnnotationToolbarAction,qrCodeScreenSelectionSession,main.qrCodeScreenSelectionSession.applyAnnotationToolbarAction,0x140941180,2816
qrcode_windows.go,(*qrCodeScreenSelectionSession).drawAnnotationOverlay,qrCodeScreenSelectionSession,main.qrCodeScreenSelectionSession.drawAnnotationOverlay,0x140948880,2432
qrcode_windows.go,(*qrCodeScreenSelectionSession).applyRoundedSelectionPreview,qrCodeScreenSelectionSession,main.qrCodeScreenSelectionSession.applyRoundedSelectionPreview,0x140949200,1344
qrcode_windows.go,(*qrCodeScreenSelectionSession).drawAnnotationStrokesOnPaintBuffer,qrCodeScreenSelectionSession,main.qrCodeScreenSelectionSession.drawAnnotationStrokesOnPaintBuffer,0x1409498c0,1408
screenshot_pin.go,(*screenshotPinWindowService).storeSnapshotLocked,screenshotPinWindowService,main.screenshotPinWindowService.storeSnapshotLocked,0x1409856e0,1056
screenshot_pin.go,(*screenshotPinWindowService).storeSnapshotBounds,screenshotPinWindowService,main.screenshotPinWindowService.storeSnapshotBounds,0x140985cc0,608
screenshot_pin.go,(*screenshotPinWindowService).createPinnedWindow,screenshotPinWindowService,main.screenshotPinWindowService.createPinnedWindow,0x1409876c0,544
screenshot_pin.go,(*screenshotPinWindowService).registerPinnedWindow,screenshotPinWindowService,main.screenshotPinWindowService.registerPinnedWindow,0x140987940,864
screenshot_pin.go,(*screenshotPinWindowService).createWebviewPinnedWindow,screenshotPinWindowService,main.screenshotPinWindowService.createWebviewPinnedWindow,0x140987d00,576
screenshot_pin.go,screenshotPinNormalizeSnapshotBounds,,main.screenshotPinNormalizeSnapshotBounds,0x14098c800,1184
screenshot_pin.go,buildScreenshotPinWindowHTML,,main.buildScreenshotPinWindowHTML,0x14098d680,768
screenshot_pin_native_windows.go,screenshotNativePinDrawOverlay,,main.screenshotNativePinDrawOverlay,0x140992de0,1248
screenshot_uia_windows.go,screenshotControlBoundsAtPointThroughOverlaySessionWithTimeout,,main.screenshotControlBoundsAtPointThroughOverlaySessionWithTimeout,0x1409ae0e0,2080
screenshot_uia_windows.go,screenshotControlBoundsAtPointWithWindowFallbackWithTimeoutAndPriority,,main.screenshotControlBoundsAtPointWithWindowFallbackWithTimeoutAndPriority,0x1409aea00,768
screenshot_uia_windows.go,screenshotFallbackControlBoundsAtPointWithTimeoutAndPriority,,main.screenshotFallbackControlBoundsAtPointWithTimeoutAndPriority,0x1409aee20,576
screenshot_uia_windows.go,shouldPreferWindowOverControlAtPoint,,main.shouldPreferWindowOverControlAtPoint,0x1409af160,320
screenshot_uia_windows.go,screenshotMSAAControlBoundsAtPointWithPriority,,main.screenshotMSAAControlBoundsAtPointWithPriority,0x1409af8c0,288
screenshot_uia_windows.go,screenshotMSAAElementBoundsAtPointWithQueryTimeoutAndPriority,,main.screenshotMSAAElementBoundsAtPointWithQueryTimeoutAndPriority,0x1409af9e0,320
screenshot_uia_windows.go,screenshotMSAAElementBoundsAtPointOnCOMThread,,main.screenshotMSAAElementBoundsAtPointOnCOMThread,0x1409afb20,128
screenshot_uia_windows.go,screenshotMSAAElementBoundsAtPointFromWindow,,main.screenshotMSAAElementBoundsAtPointFromWindow,0x1409afba0,800
screenshot_uia_windows.go,screenshotMSAAElementBoundsAtPointGlobal,,main.screenshotMSAAElementBoundsAtPointGlobal,0x1409affa0,1184
screenshot_uia_windows.go,screenshotAccessibleHitTest,,main.screenshotAccessibleHitTest,0x1409b06a0,800
screenshot_uia_windows.go,initializeScreenshotCOMThreadMode,,main.initializeScreenshotCOMThreadMode,0x1409b0a00,352
screenshot_uia_windows.go,screenshotAccessibleLocation,,main.screenshotAccessibleLocation,0x1409b0ca0,736
screenshot_uia_windows.go,screenshotUIAElementBoundsAtPointWithQueryTimeoutAndPriority,,main.screenshotUIAElementBoundsAtPointWithQueryTimeoutAndPriority,0x1409b1000,320
screenshot_uia_windows.go,screenshotUIAElementBoundsAtPointOnCOMThread,,main.screenshotUIAElementBoundsAtPointOnCOMThread,0x1409b1140,384
screenshot_uia_windows.go,screenshotUIAElementBoundsAtPointWithAutomation,,main.screenshotUIAElementBoundsAtPointWithAutomation,0x1409b1320,1792
screenshot_uia_windows.go,screenshotUIARawViewWalker,,main.screenshotUIARawViewWalker,0x1409b1b40,352
screenshot_uia_windows.go,readScreenshotUIAElementHitInfo,,main.readScreenshotUIAElementHitInfo,0x1409b1ca0,992
screenshot_uia_windows.go,screenshotUIADeepestElementHitInfoAtPoint,,main.screenshotUIADeepestElementHitInfoAtPoint,0x1409b2080,1216
screenshot_uia_windows.go,screenshotUIASelectableAncestorHitInfoAtPoint,,main.screenshotUIASelectableAncestorHitInfoAtPoint,0x1409b2960,768
screenshot_uia_windows.go,screenshotUIAElementHitContainsPoint,,main.screenshotUIAElementHitContainsPoint,0x1409b2c60,128
screenshot_uia_windows.go,screenshotPreferUIAElementHitInfo,,main.screenshotPreferUIAElementHitInfo,0x1409b2ce0,928
screenshot_uia_worker_windows.go,(*screenshotCOMQueryWorkerPool).enqueue,screenshotCOMQueryWorkerPool,main.screenshotCOMQueryWorkerPool.enqueue,0x1409b44a0,1216
screenshot_uia_worker_windows.go,(*screenshotCOMQueryWorkerPool).workerExited,screenshotCOMQueryWorkerPool,main.screenshotCOMQueryWorkerPool.workerExited,0x1409b6080,1920
screenshot_uia_worker_windows.go,(*screenshotCOMQueryWorkerPool).beginShutdown,screenshotCOMQueryWorkerPool,main.screenshotCOMQueryWorkerPool.beginShutdown,0x1409b6800,1792
screenshot_uia_worker_windows.go,waitForScreenshotCOMQueryWorkers,,main.waitForScreenshotCOMQueryWorkers,0x1409b6f00,384
screenshot_windows.go,captureScreenshotAreaPNGForServiceWithControlsAndLauncherVisibility,,main.captureScreenshotAreaPNGForServiceWithControlsAndLauncherVisibility,0x1409b75a0,192
screenshot_windows.go,finalizeScreenshotCaptureResult,,main.finalizeScreenshotCaptureResult,0x1409b8d80,1856
screenshot_windows.go,captureScreenshotWithLauncherVisibility,,main.captureScreenshotWithLauncherVisibility,0x1409b94c0,1024
screenshot_windows.go,captureScreenshotWindowSelectionWithOptions,,main.captureScreenshotWindowSelectionWithOptions,0x1409ba4e0,576
screenshot_windows.go,pickWindowProcessFromScreenshotSelection,,main.pickWindowProcessFromScreenshotSelection,0x1409ba720,1024
screenshot_windows.go,captureScreenshotForegroundWindowWithProcessNameEx,,main.captureScreenshotForegroundWindowWithProcessNameEx,0x1409bab20,736
screenshot_windows.go,newScreenshotWindowSelectionSession,,main.newScreenshotWindowSelectionSession,0x1409bb0a0,608
screenshot_windows.go,(*screenshotWindowSelectionSession).run,screenshotWindowSelectionSession,main.screenshotWindowSelectionSession.run,0x1409bb300,1376
screenshot_windows.go,(*screenshotWindowSelectionSession).paint,screenshotWindowSelectionSession,main.screenshotWindowSelectionSession.paint,0x1409bd900,1024
screenshot_windows.go,(*screenshotWindowSelectionSession).invalidateWindowChange,screenshotWindowSelectionSession,main.screenshotWindowSelectionSession.invalidateWindowChange,0x1409bdda0,864
screenshot_windows.go,(*screenshotWindowSelectionSession).invalidateInfoRectChange,screenshotWindowSelectionSession,main.screenshotWindowSelectionSession.invalidateInfoRectChange,0x1409be100,608
screenshot_windows.go,(*screenshotWindowSelectionSession).resolveWindowAtPoint,screenshotWindowSelectionSession,main.screenshotWindowSelectionSession.resolveWindowAtPoint,0x1409be420,128
screenshot_windows.go,(*screenshotWindowSelectionSession).resolveControlHoverForWindow,screenshotWindowSelectionSession,main.screenshotWindowSelectionSession.resolveControlHoverForWindow,0x1409be4a0,1120
screenshot_windows.go,(*screenshotWindowSelectionSession).shouldReuseControlHoverForWindow,screenshotWindowSelectionSession,main.screenshotWindowSelectionSession.shouldReuseControlHoverForWindow,0x1409be900,256
screenshot_windows.go,(*screenshotWindowSelectionSession).cachedControlHoverAllowedForPoint,screenshotWindowSelectionSession,main.screenshotWindowSelectionSession.cachedControlHoverAllowedForPoint,0x1409bea00,288
screenshot_windows.go,(*screenshotWindowSelectionSession).resolveCaptureRectForWindowAtPoint,screenshotWindowSelectionSession,main.screenshotWindowSelectionSession.resolveCaptureRectForWindowAtPoint,0x1409beb20,608
screenshot_windows.go,(*screenshotWindowSelectionSession).drawHoverProcessInfo,screenshotWindowSelectionSession,main.screenshotWindowSelectionSession.drawHoverProcessInfo,0x1409befa0,2208
screenshot_windows.go,drawScreenshotInfoText,,main.drawScreenshotInfoText,0x1409bf9c0,288
screenshot_windows.go,createScreenshotInfoFont,,main.createScreenshotInfoFont,0x1409bfae0,288
screenshot_windows.go,drawAppIconForPath,,main.drawAppIconForPath,0x1409bfc00,448
screenshot_windows.go,loadBestAppIconForOverlay,,main.loadBestAppIconForOverlay,0x1409bfe40,640
screenshot_windows.go,buildWindowProcessPickResult,,main.buildWindowProcessPickResult,0x1409c0120,384
screenshot_windows.go,buildWindowProcessPickResultWithProcessName,,main.buildWindowProcessPickResultWithProcessName,0x1409c02a0,800
screenshot_windows.go,uniqueNonEmptyScreenshotRects,,main.uniqueNonEmptyScreenshotRects,0x1409c0a00,928
screenshot_windows.go,(*screenshotWindowSelectionSession).finalizeWindowAtPoint,screenshotWindowSelectionSession,main.screenshotWindowSelectionSession.finalizeWindowAtPoint,0x1409c0da0,1120
screenshot_windows.go,screenshotCandidateWindowAtPointWith,,main.screenshotCandidateWindowAtPointWith,0x1409c1bc0,448
